Network,DB,Interpreter,Logging,Data Structure,i18n,Setup,Microservices,Test,IO,UI,App
0.75,1.0,0.7692307692307693,0.8636363636363636,1.0,0.0,0.8571428571428571,0.0,1.0,0.8888888888888888,0.9047619047619048,0.0
0.84,1.0,0.7692307692307693,0.9743589743589743,1.0,0.0,1.0,0.0,0.75,1.0,1.0,0.0
0.7924528301886793,1.0,0.7692307692307693,0.9156626506024097,1.0,0.0,0.923076923076923,0.0,0.8571428571428571,0.9411764705882353,0.9500000000000001,0.0
25.0,1.0,26.0,39.0,1.0,2.0,12.0,6.0,4.0,40.0,38.0,3.0
