Network,DB,Interpreter,Logging,Data Structure,i18n,Setup,Microservices,Test,IO,UI,App
0.9130434782608695,0.0,0.8333333333333334,0.8095238095238095,1.0,0.0,0.7,0.0,0.5,0.9777777777777777,0.8157894736842105,1.0
0.84,0.0,0.75,0.918918918918919,1.0,0.0,0.875,0.0,0.5,0.9777777777777777,0.96875,1.0
0.8749999999999999,0.0,0.7894736842105262,0.860759493670886,1.0,0.0,0.7777777777777777,0.0,0.5,0.9777777777777777,0.8857142857142857,1.0
25.0,0.0,20.0,37.0,1.0,5.0,8.0,6.0,2.0,45.0,32.0,1.0
