Network,DB,Interpreter,Logging,Data Structure,i18n,Setup,Microservices,Test,IO,UI,App
0.75,1.0,0.7368421052631579,0.8604651162790697,1.0,1.0,1.0,0.0,1.0,0.8837209302325582,0.9444444444444444,1.0
0.8275862068965517,1.0,0.7368421052631579,0.9736842105263158,0.5,0.2,0.6,0.0,0.6,0.9743589743589743,0.9444444444444444,0.6666666666666666
0.7868852459016394,1.0,0.7368421052631579,0.9135802469135803,0.6666666666666666,0.33333333333333337,0.7499999999999999,0.0,0.7499999999999999,0.9268292682926831,0.9444444444444444,0.8
29.0,1.0,19.0,38.0,2.0,5.0,10.0,2.0,5.0,39.0,36.0,3.0
