Network,DB,Interpreter,Logging,Data Structure,i18n,Setup,Microservices,Test,IO,UI,App
0.782608695652174,1.0,0.7666666666666667,0.8666666666666667,1.0,1.0,0.7,0.0,1.0,0.8695652173913043,0.9534883720930233,1.0
0.72,1.0,0.92,1.0,1.0,0.16666666666666666,0.875,0.0,0.4,1.0,1.0,0.5
0.7499999999999999,1.0,0.8363636363636363,0.9285714285714286,1.0,0.2857142857142857,0.7777777777777777,0.0,0.5714285714285715,0.9302325581395349,0.9761904761904763,0.6666666666666666
25.0,2.0,25.0,39.0,1.0,6.0,8.0,4.0,5.0,40.0,41.0,4.0
