Network,DB,Interpreter,Logging,Data Structure,i18n,Setup,Microservices,Test,IO,UI,App
0.84,1.0,0.7647058823529411,0.8,1.0,0.0,1.0,0.0,1.0,0.7608695652173914,0.7631578947368421,0.0
0.7777777777777778,1.0,0.6842105263157895,1.0,1.0,0.0,0.875,0.0,0.14285714285714285,1.0,1.0,0.0
0.8076923076923077,1.0,0.7222222222222222,0.888888888888889,1.0,0.0,0.9333333333333333,0.0,0.25,0.8641975308641976,0.8656716417910448,0.0
27.0,1.0,19.0,36.0,2.0,2.0,8.0,4.0,7.0,35.0,29.0,3.0
