Network,DB,Interpreter,Logging,Data Structure,i18n,Setup,Microservices,Test,IO,UI,App
0.7857142857142857,1.0,0.6842105263157895,0.8571428571428571,0.6666666666666666,1.0,1.0,0.0,1.0,0.8260869565217391,0.7857142857142857,1.0
0.4583333333333333,1.0,0.5652173913043478,0.9473684210526315,0.5,0.16666666666666666,0.5,0.0,0.125,1.0,1.0,0.16666666666666666
0.5789473684210527,1.0,0.6190476190476191,0.9,0.5714285714285715,0.2857142857142857,0.6666666666666666,0.0,0.2222222222222222,0.9047619047619047,0.88,0.2857142857142857
24.0,1.0,23.0,38.0,4.0,6.0,6.0,3.0,8.0,38.0,33.0,6.0
