Network,DB,Interpreter,Logging,Data Structure,i18n,Setup,Microservices,Test,IO,UI,App
0.75,0.0,0.64,0.8636363636363636,1.0,0.0,0.8571428571428571,0.0,1.0,0.9333333333333333,0.8717948717948718,0.0
0.875,0.0,0.8888888888888888,1.0,1.0,0.0,0.8571428571428571,0.0,0.2,1.0,1.0,0.0
0.8076923076923077,0.0,0.7441860465116279,0.9268292682926829,1.0,0.0,0.8571428571428571,0.0,0.33333333333333337,0.9655172413793104,0.9315068493150686,0.0
24.0,1.0,18.0,38.0,2.0,3.0,7.0,3.0,5.0,42.0,34.0,4.0
