Network,DB,Interpreter,Logging,Data Structure,i18n,Setup,Microservices,Test,IO,UI,App
0.8,0.0,0.7,0.7954545454545454,0.5,0.0,0.9,0.0,0.0,0.8444444444444444,0.775,0.0
0.8888888888888888,0.0,0.7368421052631579,1.0,1.0,0.0,1.0,0.0,0.0,1.0,1.0,0.0
0.8421052631578948,0.0,0.717948717948718,0.8860759493670886,0.6666666666666666,0.0,0.9473684210526316,0.0,0.0,0.9156626506024096,0.8732394366197184,0.0
27.0,0.0,19.0,35.0,1.0,3.0,9.0,3.0,7.0,38.0,31.0,6.0
