Network,DB,Interpreter,Logging,Data Structure,i18n,Setup,Microservices,Test,IO,UI,App
0.7777777777777778,1.0,0.6666666666666666,0.7441860465116279,0.5,1.0,0.5,0.0,0.75,0.8372093023255814,0.8372093023255814,1.0
0.5833333333333334,1.0,0.7058823529411765,0.9696969696969697,1.0,0.25,0.6,0.0,0.375,0.972972972972973,1.0,0.16666666666666666
0.6666666666666666,1.0,0.6857142857142857,0.8421052631578948,0.6666666666666666,0.4,0.5454545454545454,0.0,0.5,0.9,0.9113924050632911,0.2857142857142857
24.0,1.0,17.0,33.0,1.0,4.0,5.0,5.0,8.0,37.0,36.0,6.0
