Network,DB,Interpreter,Logging,Data Structure,i18n,Setup,Microservices,Test,IO,UI,App
0.8846153846153846,1.0,0.8,0.8604651162790697,0.0,1.0,1.0,1.0,1.0,0.8863636363636364,0.8536585365853658,1.0
0.92,0.3333333333333333,0.7619047619047619,1.0,0.0,0.5,1.0,0.5,0.8,1.0,1.0,0.25
0.9019607843137256,0.5,0.7804878048780488,0.9249999999999999,0.0,0.6666666666666666,1.0,0.6666666666666666,0.888888888888889,0.9397590361445783,0.9210526315789475,0.4
25.0,3.0,21.0,37.0,0.0,2.0,8.0,2.0,5.0,39.0,35.0,4.0
